path,touched_at_runtime,reasons,reachable_from_main,is_src,is_test,is_archive,is_gui,category,package
data/webui_cache.json,true,path_open,,false,false,false,false,E_OTHER,
docs/pr_templates/PriorWork_complete/PR-0_Pipeline_Execution_Hotfix_Bundle/tests_controller_test_app_controller_pipeline_flow_pr0.py,false,,false,false,false,false,true,E_OTHER,
docs/pr_templates/PriorWork_complete/PR-GUI-LEFT-01_PacksPanel_Wiring_Bundle/tests_controller_test_app_controller_packs_integration.py,false,,false,false,false,false,false,E_OTHER,
docs/pr_templates/PriorWork_complete/PR-GUI-LEFT-01_PacksPanel_Wiring_Bundle/tests_utils_test_prompt_packs_service.py,false,,false,false,false,false,false,E_OTHER,
packs/SDXL_male_fantasy_heroes_Fantasy.json,true,path_open,,false,false,false,false,E_OTHER,
packs/somethingNew_test_v2.5.json,true,path_open,,false,false,false,false,E_OTHER,
presets/global_negative.txt,true,path_open,,false,false,false,false,E_OTHER,
src/__init__.py,false,,false,true,false,false,false,B_RUNTIME_ADJACENT,
src/ai/settings_generator_adapter.py,false,,true,true,false,false,false,A_RUNTIME_CORE,
src/ai/settings_generator_contract.py,false,,true,true,false,false,false,A_RUNTIME_CORE,
src/ai/settings_generator_driver.py,false,,true,true,false,false,false,A_RUNTIME_CORE,
src/api/__init__.py,false,,true,true,false,false,false,A_RUNTIME_CORE,
src/api/client.py,false,,true,true,false,false,false,A_RUNTIME_CORE,
src/api/healthcheck.py,false,,true,true,false,false,false,A_RUNTIME_CORE,
src/api/webui_process_manager.py,false,,true,true,false,false,false,A_RUNTIME_CORE,
src/cli.py,false,,false,true,false,false,false,B_RUNTIME_ADJACENT,
src/cluster/__init__.py,false,,false,true,false,false,false,B_RUNTIME_ADJACENT,
src/cluster/worker_model.py,false,,true,true,false,false,false,A_RUNTIME_CORE,
src/cluster/worker_registry.py,false,,true,true,false,false,false,A_RUNTIME_CORE,
src/config/app_config.py,false,,true,true,false,false,false,A_RUNTIME_CORE,
src/controller/__init__.py,false,,true,true,false,false,false,A_RUNTIME_CORE,
src/controller/app_controller.py,false,,true,true,false,false,true,A_RUNTIME_CORE,
src/controller/cluster_controller.py,false,,false,true,false,false,false,B_RUNTIME_ADJACENT,
src/controller/job_execution_controller.py,false,,true,true,false,false,false,A_RUNTIME_CORE,
src/controller/job_history_service.py,false,,true,true,false,false,false,A_RUNTIME_CORE,
src/controller/learning_execution_controller.py,false,,true,true,false,false,false,A_RUNTIME_CORE,
src/controller/pipeline_config_assembler.py,false,,true,true,false,false,false,A_RUNTIME_CORE,
src/controller/pipeline_controller.py,false,,true,true,false,false,false,A_RUNTIME_CORE,
src/controller/queue_execution_controller.py,false,,true,true,false,false,false,A_RUNTIME_CORE,
src/controller/settings_suggestion_controller.py,false,,true,true,false,false,false,A_RUNTIME_CORE,
src/controller/webui_connection_controller.py,false,,true,true,false,false,false,A_RUNTIME_CORE,
src/gui/__init__.py,false,,true,true,false,false,true,A_RUNTIME_CORE,
src/gui/adetailer_config_panel.py,false,,false,true,false,false,true,B_RUNTIME_ADJACENT,
src/gui/advanced_prompt_editor.py,false,,true,true,false,false,true,A_RUNTIME_CORE,
src/gui/api_status_panel.py,false,,true,true,false,false,true,A_RUNTIME_CORE,
src/gui/app_layout_v2.py,false,,true,true,false,false,true,A_RUNTIME_CORE,
src/gui/center_panel.py,false,,false,true,false,false,true,B_RUNTIME_ADJACENT,
src/gui/config_panel.py,false,,true,true,false,false,true,A_RUNTIME_CORE,
src/gui/controller.py,false,,true,true,false,false,true,A_RUNTIME_CORE,
src/gui/core_config_panel_v2.py,false,,true,true,false,false,true,A_RUNTIME_CORE,
src/gui/engine_settings_dialog.py,false,,true,true,false,false,true,A_RUNTIME_CORE,
src/gui/enhanced_slider.py,false,,true,true,false,false,true,A_RUNTIME_CORE,
src/gui/img2img_stage_card.py,false,,false,true,false,false,true,B_RUNTIME_ADJACENT,
src/gui/job_history_panel_v2.py,false,,true,true,false,false,true,A_RUNTIME_CORE,
src/gui/learning_review_dialog_v2.py,false,,true,true,false,false,true,A_RUNTIME_CORE,
src/gui/log_panel.py,false,,true,true,false,false,true,A_RUNTIME_CORE,
src/gui/main_window.py,false,,true,true,false,false,true,A_RUNTIME_CORE,
src/gui/main_window_v2.py,false,,true,true,false,false,true,A_RUNTIME_CORE,
src/gui/model_list_adapter_v2.py,false,,true,true,false,false,true,A_RUNTIME_CORE,
src/gui/model_manager_panel_v2.py,false,,true,true,false,false,true,A_RUNTIME_CORE,
src/gui/negative_prompt_panel_v2.py,false,,true,true,false,false,true,A_RUNTIME_CORE,
src/gui/output_settings_panel_v2.py,false,,true,true,false,false,true,A_RUNTIME_CORE,
src/gui/panels_v2/__init__.py,false,,true,true,false,false,true,A_RUNTIME_CORE,
src/gui/panels_v2/layout_manager_v2.py,false,,false,true,false,false,true,B_RUNTIME_ADJACENT,
src/gui/panels_v2/pipeline_panel_v2.py,false,,true,true,false,false,true,A_RUNTIME_CORE,
src/gui/panels_v2/preview_panel_v2.py,false,,true,true,false,false,true,A_RUNTIME_CORE,
src/gui/panels_v2/randomizer_panel_v2.py,false,,true,true,false,false,true,A_RUNTIME_CORE,
src/gui/panels_v2/sidebar_panel_v2.py,false,,true,true,false,false,true,A_RUNTIME_CORE,
src/gui/panels_v2/status_bar_v2.py,false,,true,true,false,false,true,A_RUNTIME_CORE,
src/gui/pipeline_command_bar_v2.py,false,,true,true,false,false,true,A_RUNTIME_CORE,
src/gui/pipeline_controls_panel.py,false,,true,true,false,false,true,A_RUNTIME_CORE,
src/gui/pipeline_panel_v2.py,false,,true,true,false,false,true,A_RUNTIME_CORE,
src/gui/preview_panel_v2.py,false,,true,true,false,false,true,A_RUNTIME_CORE,
src/gui/prompt_pack_adapter_v2.py,false,,true,true,false,false,true,A_RUNTIME_CORE,
src/gui/prompt_pack_list_manager.py,false,,false,true,false,false,true,B_RUNTIME_ADJACENT,
src/gui/prompt_pack_panel.py,false,,true,true,false,false,true,A_RUNTIME_CORE,
src/gui/prompt_pack_panel_v2.py,false,,true,true,false,false,true,A_RUNTIME_CORE,
src/gui/randomizer_panel_v2.py,false,,true,true,false,false,true,A_RUNTIME_CORE,
src/gui/resolution_panel_v2.py,false,,true,true,false,false,true,A_RUNTIME_CORE,
src/gui/scrolling.py,false,,true,true,false,false,true,A_RUNTIME_CORE,
src/gui/sidebar_panel_v2.py,false,,true,true,false,false,true,A_RUNTIME_CORE,
src/gui/stage_cards_v2/advanced_img2img_stage_card_v2.py,false,,true,true,false,false,true,A_RUNTIME_CORE,
src/gui/stage_cards_v2/advanced_txt2img_stage_card_v2.py,false,,true,true,false,false,true,A_RUNTIME_CORE,
src/gui/stage_cards_v2/advanced_upscale_stage_card_v2.py,false,,true,true,false,false,true,A_RUNTIME_CORE,
src/gui/stage_cards_v2/validation_result.py,false,,true,true,false,false,true,A_RUNTIME_CORE,
src/gui/stage_chooser.py,false,,false,true,false,false,true,B_RUNTIME_ADJACENT,
src/gui/state.py,false,,true,true,false,false,true,A_RUNTIME_CORE,
src/gui/status_bar_v2.py,false,,true,true,false,false,true,A_RUNTIME_CORE,
src/gui/theme.py,false,,true,true,false,false,true,A_RUNTIME_CORE,
src/gui/tooltip.py,false,,true,true,false,false,true,A_RUNTIME_CORE,
src/gui/txt2img_stage_card.py,false,,false,true,false,false,true,B_RUNTIME_ADJACENT,
src/gui/upscale_stage_card.py,false,,false,true,false,false,true,B_RUNTIME_ADJACENT,
src/gui_v2/adapters/__init__.py,false,,false,true,false,false,false,B_RUNTIME_ADJACENT,
src/gui_v2/adapters/learning_adapter_v2.py,false,,true,true,false,false,false,A_RUNTIME_CORE,
src/gui_v2/adapters/pipeline_adapter_v2.py,false,,true,true,false,false,false,A_RUNTIME_CORE,
src/gui_v2/adapters/randomizer_adapter_v2.py,false,,true,true,false,false,false,A_RUNTIME_CORE,
src/gui_v2/adapters/status_adapter_v2.py,false,,true,true,false,false,false,A_RUNTIME_CORE,
src/gui_v2/randomizer_adapter.py,false,,false,true,false,false,false,B_RUNTIME_ADJACENT,
src/gui_v2/validation/__init__.py,false,,false,true,false,false,false,B_RUNTIME_ADJACENT,
src/gui_v2/validation/pipeline_txt2img_validator.py,false,,false,true,false,false,false,B_RUNTIME_ADJACENT,
src/learning/dataset_builder.py,false,,true,true,false,false,false,A_RUNTIME_CORE,
src/learning/feedback_manager.py,false,,false,true,false,false,false,B_RUNTIME_ADJACENT,
src/learning/learning_adapter.py,false,,true,true,false,false,false,A_RUNTIME_CORE,
src/learning/learning_contract.py,false,,false,true,false,false,false,B_RUNTIME_ADJACENT,
src/learning/learning_execution.py,false,,true,true,false,false,false,A_RUNTIME_CORE,
src/learning/learning_feedback.py,false,,false,true,false,false,false,B_RUNTIME_ADJACENT,
src/learning/learning_plan.py,false,,true,true,false,false,false,A_RUNTIME_CORE,
src/learning/learning_profile_sidecar.py,false,,true,true,false,false,false,A_RUNTIME_CORE,
src/learning/learning_record.py,false,,true,true,false,false,false,A_RUNTIME_CORE,
src/learning/learning_record_builder.py,false,,true,true,false,false,false,A_RUNTIME_CORE,
src/learning/learning_runner.py,false,,true,true,false,false,false,A_RUNTIME_CORE,
src/learning/model_profiles.py,false,,true,true,false,false,false,A_RUNTIME_CORE,
src/learning/run_metadata.py,false,,true,true,false,false,false,A_RUNTIME_CORE,
src/main.py,false,,true,true,false,false,true,A_RUNTIME_CORE,
src/pipeline/__init__.py,false,,false,true,false,false,false,B_RUNTIME_ADJACENT,
src/pipeline/executor.py,false,,true,true,false,false,false,A_RUNTIME_CORE,
src/pipeline/pipeline_runner.py,false,,true,true,false,false,false,A_RUNTIME_CORE,
src/pipeline/stage_sequencer.py,false,,true,true,false,false,false,A_RUNTIME_CORE,
src/pipeline/variant_planner.py,false,,true,true,false,false,false,A_RUNTIME_CORE,
src/pipeline/video.py,false,,false,true,false,false,false,B_RUNTIME_ADJACENT,
src/queue/__init__.py,false,,true,true,false,false,false,A_RUNTIME_CORE,
src/queue/job_history_store.py,false,,true,true,false,false,false,A_RUNTIME_CORE,
src/queue/job_model.py,false,,true,true,false,false,false,A_RUNTIME_CORE,
src/queue/job_queue.py,false,,true,true,false,false,false,A_RUNTIME_CORE,
src/queue/single_node_runner.py,false,,true,true,false,false,false,A_RUNTIME_CORE,
src/services/config_service.py,false,,true,true,false,false,false,A_RUNTIME_CORE,
src/utils/__init__.py,false,,true,true,false,false,false,A_RUNTIME_CORE,
src/utils/_extract_name_prefix.py,false,,false,true,false,false,false,B_RUNTIME_ADJACENT,
src/utils/aesthetic.py,false,,false,true,false,false,false,B_RUNTIME_ADJACENT,
src/utils/aesthetic_detection.py,false,,true,true,false,false,false,A_RUNTIME_CORE,
src/utils/config.py,false,,true,true,false,false,false,A_RUNTIME_CORE,
src/utils/file_io.py,false,,true,true,false,false,false,A_RUNTIME_CORE,
src/utils/logger.py,false,,false,true,false,false,false,B_RUNTIME_ADJACENT,
src/utils/preferences.py,false,,true,true,false,false,false,A_RUNTIME_CORE,
src/utils/prompt_pack.py,false,,false,true,false,false,false,B_RUNTIME_ADJACENT,
src/utils/prompt_packs.py,false,,true,true,false,false,false,A_RUNTIME_CORE,
src/utils/randomizer.py,false,,true,true,false,false,false,A_RUNTIME_CORE,
src/utils/state.py,false,,true,true,false,false,false,A_RUNTIME_CORE,
src/utils/webui_discovery.py,false,,true,true,false,false,false,A_RUNTIME_CORE,
src/utils/webui_launcher.py,false,,true,true,false,false,false,A_RUNTIME_CORE,
tests/__init__.py,false,,false,false,true,false,false,C_TEST,
tests/ai_v2/test_local_stub_settings_generator_behavior.py,false,,false,false,true,false,false,C_TEST,
tests/ai_v2/test_settings_generator_adapter_from_learning.py,false,,false,false,true,false,false,C_TEST,
tests/ai_v2/test_settings_generator_contract_roundtrip.py,false,,false,false,true,false,false,C_TEST,
tests/ai_v2/test_settings_suggestion_controller_apply.py,false,,false,false,true,false,false,C_TEST,
tests/api/test_webui_healthcheck.py,false,,false,false,true,false,false,C_TEST,
tests/api/test_webui_process_manager.py,false,,false,false,true,false,false,C_TEST,
tests/app/test_bootstrap_webui_autostart.py,false,,false,false,true,false,false,C_TEST,
tests/cluster/test_worker_model_and_registry.py,false,,false,false,true,false,false,C_TEST,
tests/conftest.py,false,,false,false,true,false,true,C_TEST,
tests/controller/test_app_controller_config.py,false,,false,false,true,false,false,C_TEST,
tests/controller/test_app_controller_packs.py,false,,false,false,true,false,true,C_TEST,
tests/controller/test_app_controller_pipeline_flow_pr0.py,false,,false,false,true,false,true,C_TEST,
tests/controller/test_app_controller_pipeline_integration.py,false,,false,false,true,false,false,C_TEST,
tests/controller/test_cluster_controller.py,false,,false,false,true,false,false,C_TEST,
tests/controller/test_controller_job_lifecycle.py,false,,false,false,true,false,false,C_TEST,
tests/controller/test_controller_learning_toggle.py,false,,false,false,true,false,false,C_TEST,
tests/controller/test_controller_queue_execution.py,false,,false,false,true,false,false,C_TEST,
tests/controller/test_job_history_service.py,false,,false,false,true,false,false,C_TEST,
tests/controller/test_learning_execution_controller_gui_contract.py,false,,false,false,true,false,false,C_TEST,
tests/controller/test_pipeline_config_assembler.py,false,,false,false,true,false,false,C_TEST,
tests/controller/test_pipeline_config_assembler_core_fields.py,false,,false,false,true,false,false,C_TEST,
tests/controller/test_pipeline_config_assembler_model_fields.py,false,,false,false,true,false,false,C_TEST,
tests/controller/test_pipeline_config_assembler_negative_prompt.py,false,,false,false,true,false,false,C_TEST,
tests/controller/test_pipeline_config_assembler_output_settings.py,false,,false,false,true,false,false,C_TEST,
tests/controller/test_pipeline_config_assembler_resolution.py,false,,false,false,true,false,false,C_TEST,
tests/controller/test_pipeline_controller_config_path.py,false,,false,false,true,false,false,C_TEST,
tests/controller/test_pipeline_controller_queue_mode.py,false,,false,false,true,false,false,C_TEST,
tests/controller/test_pipeline_controller_webui_gating.py,false,,false,false,true,false,false,C_TEST,
tests/controller/test_profile_integration.py,false,,false,false,true,false,false,C_TEST,
tests/controller/test_queue_execution_controller.py,false,,false,false,true,false,false,C_TEST,
tests/controller/test_stage_sequencer_controller_integration.py,false,,false,false,true,false,false,C_TEST,
tests/controller/test_webui_connection_controller.py,false,,false,false,true,false,false,C_TEST,
tests/gui_v1_legacy/__init__.py,false,,false,false,true,true,false,C_TEST,
tests/gui_v1_legacy/conftest.py,false,,false,false,true,true,true,C_TEST,
tests/gui_v1_legacy/test_adetailer_panel.py,false,,false,false,true,true,false,C_TEST,
tests/gui_v1_legacy/test_api_status_panel.py,false,,false,false,true,true,true,C_TEST,
tests/gui_v1_legacy/test_config_meta_updates.py,false,,false,false,true,true,true,C_TEST,
tests/gui_v1_legacy/test_config_panel.py,false,,false,false,true,true,true,C_TEST,
tests/gui_v1_legacy/test_controller_lifecycle.py,false,,false,false,true,true,false,C_TEST,
tests/gui_v1_legacy/test_editor_and_summary.py,false,,false,false,true,true,false,C_TEST,
tests/gui_v1_legacy/test_functional_buttons.py,false,,false,false,true,true,true,C_TEST,
tests/gui_v1_legacy/test_gui_test_mode.py,false,,false,false,true,true,false,C_TEST,
tests/gui_v1_legacy/test_gui_thread_marshaling.py,false,,false,false,true,true,true,C_TEST,
tests/gui_v1_legacy/test_layout_dedup.py,false,,false,false,true,true,false,C_TEST,
tests/gui_v1_legacy/test_load_config_behavior.py,false,,false,false,true,true,false,C_TEST,
tests/gui_v1_legacy/test_log_panel.py,false,,false,false,true,true,true,C_TEST,
tests/gui_v1_legacy/test_logpanel_binding.py,false,,false,false,true,true,true,C_TEST,
tests/gui_v1_legacy/test_main_window_pipeline.py,false,,false,false,true,true,false,C_TEST,
tests/gui_v1_legacy/test_main_window_threading.py,false,,false,false,true,true,true,C_TEST,
tests/gui_v1_legacy/test_matrix_ui.py,false,,false,false,true,true,true,C_TEST,
tests/gui_v1_legacy/test_pipeline_controls_panel.py,false,,false,false,true,true,true,C_TEST,
tests/gui_v1_legacy/test_pipeline_double_run.py,false,,false,false,true,true,false,C_TEST,
tests/gui_v1_legacy/test_pipeline_runs.py,false,,false,false,true,true,false,C_TEST,
tests/gui_v1_legacy/test_pipeline_state_cleanup.py,false,,false,false,true,true,false,C_TEST,
tests/gui_v1_legacy/test_pr1_layout_cleanup.py,false,,false,false,true,true,false,C_TEST,
tests/gui_v1_legacy/test_progress_eta.py,false,,false,false,true,true,true,C_TEST,
tests/gui_v1_legacy/test_prompt_pack_editor.py,false,,false,false,true,true,false,C_TEST,
tests/gui_v1_legacy/test_prompt_pack_panel.py,false,,false,false,true,true,true,C_TEST,
tests/gui_v1_legacy/test_prompt_sanitization.py,false,,false,false,true,true,false,C_TEST,
tests/gui_v1_legacy/test_randomization_parsing.py,false,,false,false,true,true,false,C_TEST,
tests/gui_v1_legacy/test_refiner_dropdown.py,false,,false,false,true,true,false,C_TEST,
tests/gui_v1_legacy/test_scrollbars_and_resizing.py,false,,false,false,true,true,true,C_TEST,
tests/gui_v1_legacy/test_stage_chooser.py,false,,false,false,true,true,true,C_TEST,
tests/gui_v1_legacy/test_startup_nonblocking.py,false,,false,false,true,true,true,C_TEST,
tests/gui_v1_legacy/test_status_bar_progress.py,false,,false,false,true,true,true,C_TEST,
tests/gui_v1_legacy/test_stop_behavior.py,false,,false,false,true,true,false,C_TEST,
tests/gui_v1_legacy/test_theme_baseline.py,false,,false,false,true,true,true,C_TEST,
tests/gui_v1_legacy/test_unsaved_state.py,false,,false,false,true,true,true,C_TEST,
tests/gui_v2/conftest.py,false,,false,false,true,false,true,C_TEST,
tests/gui_v2/test_advanced_prompt_editor_v2.py,false,,false,false,true,false,true,C_TEST,
tests/gui_v2/test_api_status_panel_webui_states_v2.py,false,,false,false,true,false,true,C_TEST,
tests/gui_v2/test_command_bar_v2.py,false,,false,false,true,false,false,C_TEST,
tests/gui_v2/test_core_config_panel_v2.py,false,,false,false,true,false,true,C_TEST,
tests/gui_v2/test_entrypoint_uses_v2_gui.py,false,,false,false,true,false,false,C_TEST,
tests/gui_v2/test_gui_v2_advanced_stage_cards_layout.py,false,,false,false,true,false,true,C_TEST,
tests/gui_v2/test_gui_v2_advanced_stage_cards_roundtrip.py,false,,false,false,true,false,true,C_TEST,
tests/gui_v2/test_gui_v2_advanced_stage_cards_validation.py,false,,false,false,true,false,true,C_TEST,
tests/gui_v2/test_gui_v2_ai_settings_button_guarded.py,false,,false,false,true,false,false,C_TEST,
tests/gui_v2/test_gui_v2_layout_skeleton.py,false,,false,false,true,false,false,C_TEST,
tests/gui_v2/test_gui_v2_mainwindow_split_structure.py,false,,false,false,true,false,false,C_TEST,
tests/gui_v2/test_gui_v2_panel_wiring.py,false,,false,false,true,false,true,C_TEST,
tests/gui_v2/test_gui_v2_pipeline_adapter.py,false,,false,false,true,false,false,C_TEST,
tests/gui_v2/test_gui_v2_pipeline_button_wiring.py,false,,false,false,true,false,false,C_TEST,
tests/gui_v2/test_gui_v2_pipeline_config_roundtrip.py,false,,false,false,true,false,false,C_TEST,
tests/gui_v2/test_gui_v2_pipeline_txt2img_validation.py,false,,false,false,true,false,true,C_TEST,
tests/gui_v2/test_gui_v2_randomizer_adapter_integration.py,false,,false,false,true,false,false,C_TEST,
tests/gui_v2/test_gui_v2_randomizer_integration.py,false,,false,false,true,false,false,C_TEST,
tests/gui_v2/test_gui_v2_randomizer_matrix_ui.py,false,,false,false,true,false,false,C_TEST,
tests/gui_v2/test_gui_v2_randomizer_matrix_ux.py,false,,false,false,true,false,true,C_TEST,
tests/gui_v2/test_gui_v2_randomizer_preview_list.py,false,,false,false,true,false,true,C_TEST,
tests/gui_v2/test_gui_v2_randomizer_variant_count_banner.py,false,,false,false,true,false,false,C_TEST,
tests/gui_v2/test_gui_v2_randomizer_variant_count_preview.py,false,,false,false,true,false,false,C_TEST,
tests/gui_v2/test_gui_v2_stage_cards_layout.py,false,,false,false,true,false,false,C_TEST,
tests/gui_v2/test_gui_v2_stage_cards_roundtrip.py,false,,false,false,true,false,false,C_TEST,
tests/gui_v2/test_gui_v2_startup.py,false,,false,false,true,false,false,C_TEST,
tests/gui_v2/test_gui_v2_status_adapter_progress_eta.py,false,,false,false,true,false,false,C_TEST,
tests/gui_v2/test_gui_v2_status_bar_progress_eta.py,false,,false,false,true,false,false,C_TEST,
tests/gui_v2/test_job_history_panel_v2.py,false,,false,false,true,false,true,C_TEST,
tests/gui_v2/test_learning_review_dialog.py,false,,false,false,true,false,true,C_TEST,
tests/gui_v2/test_learning_toggle.py,false,,false,false,true,false,false,C_TEST,
tests/gui_v2/test_learning_toggle_and_dialog.py,false,,false,false,true,false,true,C_TEST,
tests/gui_v2/test_model_manager_panel_v2.py,false,,false,false,true,false,true,C_TEST,
tests/gui_v2/test_negative_prompt_panel_v2.py,false,,false,false,true,false,true,C_TEST,
tests/gui_v2/test_output_settings_panel_v2.py,false,,false,false,true,false,true,C_TEST,
tests/gui_v2/test_pipeline_prompt_integration_v2.py,false,,false,false,true,false,true,C_TEST,
tests/gui_v2/test_prompt_pack_panel_v2.py,false,,false,false,true,false,true,C_TEST,
tests/gui_v2/test_prompt_pack_to_prompt_roundtrip_v2.py,false,,false,false,true,false,true,C_TEST,
tests/gui_v2/test_resolution_panel_v2.py,false,,false,false,true,false,true,C_TEST,
tests/gui_v2/test_run_button_queue_mode_toggle.py,false,,false,false,true,false,false,C_TEST,
tests/gui_v2/test_run_button_queue_smoke.py,false,,false,false,true,false,true,C_TEST,
tests/gui_v2/test_status_bar_v2_composite.py,false,,false,false,true,false,true,C_TEST,
tests/integration/__init__.py,false,,false,false,true,false,false,C_TEST,
tests/integration/test_matrix_base_prompt_fix.py,false,,false,false,true,false,false,C_TEST,
tests/integration/test_matrix_prompt_mode_examples.py,false,,false,false,true,false,false,C_TEST,
tests/learning/test_learning_adapter_stub.py,false,,false,false,true,false,false,C_TEST,
tests/learning/test_learning_adapter_v2.py,false,,false,false,true,false,false,C_TEST,
tests/learning/test_learning_feedback_packaging.py,false,,false,false,true,false,false,C_TEST,
tests/learning/test_learning_hooks_controller.py,false,,false,false,true,false,false,C_TEST,
tests/learning/test_learning_hooks_pipeline_runner.py,false,,false,false,true,false,false,C_TEST,
tests/learning/test_learning_plan_factory.py,false,,false,false,true,false,false,C_TEST,
tests/learning/test_learning_record_builder.py,false,,false,false,true,false,false,C_TEST,
tests/learning/test_learning_record_serialization.py,false,,false,false,true,false,false,C_TEST,
tests/learning/test_learning_record_writer_integration.py,false,,false,false,true,false,false,C_TEST,
tests/learning/test_learning_runner_stubs.py,false,,false,false,true,false,false,C_TEST,
tests/learning/test_model_profiles.py,false,,false,false,true,false,false,C_TEST,
tests/learning_v2/test_dataset_builder.py,false,,false,false,true,false,false,C_TEST,
tests/learning_v2/test_learning_contract.py,false,,false,false,true,false,false,C_TEST,
tests/learning_v2/test_learning_execution_controller_integration.py,false,,false,false,true,false,false,C_TEST,
tests/learning_v2/test_learning_execution_runner_happy_path.py,false,,false,false,true,false,false,C_TEST,
tests/learning_v2/test_run_metadata_and_feedback.py,false,,false,false,true,false,false,C_TEST,
tests/legacy/test_advanced_features.py,false,,false,false,true,true,true,C_TEST,
tests/legacy/test_gui_enhancements.py,false,,false,false,true,true,true,C_TEST,
tests/pipeline/__init__.py,false,,false,false,true,false,false,C_TEST,
tests/pipeline/test_aesthetic_integration.py,false,,false,false,true,false,false,C_TEST,
tests/pipeline/test_executor_cancellation.py,false,,false,false,true,false,false,C_TEST,
tests/pipeline/test_global_negative_stage_flags.py,false,,false,false,true,false,false,C_TEST,
tests/pipeline/test_pipeline_io_contracts.py,false,,false,false,true,false,false,C_TEST,
tests/pipeline/test_pipeline_learning_hooks.py,false,,false,false,true,false,false,C_TEST,
tests/pipeline/test_pipeline_runner_cancel_token.py,false,,false,false,true,false,false,C_TEST,
tests/pipeline/test_pipeline_runner_variants.py,false,,false,false,true,false,false,C_TEST,
tests/pipeline/test_randomization_pipeline.py,false,,false,false,true,false,false,C_TEST,
tests/pipeline/test_refiner_compare_mode.py,false,,false,false,true,false,false,C_TEST,
tests/pipeline/test_refiner_support.py,false,,false,false,true,false,false,C_TEST,
tests/pipeline/test_refiner_switch_math.py,false,,false,false,true,false,false,C_TEST,
tests/pipeline/test_stage_sequencer_plan_builder.py,false,,false,false,true,false,false,C_TEST,
tests/pipeline/test_stage_sequencer_runner_integration.py,false,,false,false,true,false,false,C_TEST,
tests/pipeline/test_upscale_hang_diag.py,false,,false,false,true,false,false,C_TEST,
tests/pipeline/test_upscale_stage.py,false,,false,false,true,false,false,C_TEST,
tests/pipeline/test_variant_planner.py,false,,false,false,true,false,false,C_TEST,
tests/queue/test_job_history_store.py,false,,false,false,true,false,false,C_TEST,
tests/queue/test_job_model.py,false,,false,false,true,false,false,C_TEST,
tests/queue/test_job_queue_basic.py,false,,false,false,true,false,false,C_TEST,
tests/queue/test_jobrunner_integration.py,false,,false,false,true,false,false,C_TEST,
tests/queue/test_single_node_runner_loopback.py,false,,false,false,true,false,false,C_TEST,
tests/safety/test_advanced_stage_cards_import_safety.py,false,,false,false,true,false,false,C_TEST,
tests/safety/test_ai_settings_generator_no_tk_imports.py,false,,false,false,true,false,false,C_TEST,
tests/safety/test_gui_v2_adapters_no_tk_imports.py,false,,false,false,true,false,false,C_TEST,
tests/safety/test_gui_v2_randomizer_ux_no_tk_imports.py,false,,false,false,true,false,false,C_TEST,
tests/safety/test_learning_execution_no_tk_imports.py,false,,false,false,true,false,false,C_TEST,
tests/safety/test_no_gui_imports_in_utils_safety.py,false,,false,false,true,false,false,C_TEST,
tests/safety/test_randomizer_import_isolation_safety.py,false,,false,false,true,false,false,C_TEST,
tests/test_advanced_prompt_editor_regressions.py,false,,false,false,true,false,false,C_TEST,
tests/test_api.py,false,,false,false,true,false,false,C_TEST,
tests/test_api_client.py,false,,false,false,true,false,false,C_TEST,
tests/test_api_client_backoff.py,false,,false,false,true,false,false,C_TEST,
tests/test_api_status_panel.py,false,,false,false,true,false,false,C_TEST,
tests/test_archive_unused.py,false,,false,false,true,false,false,C_TEST,
tests/test_cancel_token.py,false,,false,false,true,false,false,C_TEST,
tests/test_complete_workflow.py,false,,false,false,true,false,false,C_TEST,
tests/test_config.py,false,,false,false,true,false,false,C_TEST,
tests/test_config_panel.py,false,,false,false,true,false,false,C_TEST,
tests/test_config_passthrough.py,false,,false,false,true,false,false,C_TEST,
tests/test_controller.py,false,,false,false,true,false,false,C_TEST,
tests/test_default_preset.py,false,,false,false,true,false,false,C_TEST,
tests/test_file_io.py,false,,false,false,true,false,false,C_TEST,
tests/test_gui_system.py,false,,false,false,true,false,false,C_TEST,
tests/test_gui_visibility.py,false,,false,false,true,false,true,C_TEST,
tests/test_log_panel.py,false,,false,false,true,false,false,C_TEST,
tests/test_logger.py,false,,false,false,true,false,false,C_TEST,
tests/test_main_single_instance.py,false,,false,false,true,false,false,C_TEST,
tests/test_new_features.py,false,,false,false,true,false,false,C_TEST,
tests/test_pack_config.py,false,,false,false,true,false,false,C_TEST,
tests/test_pipeline_controls_panel.py,false,,false,false,true,false,false,C_TEST,
tests/test_pipeline_journey.py,false,,false,false,true,false,false,C_TEST,
tests/test_pipeline_throughput.py,false,,false,false,true,false,false,C_TEST,
tests/test_preferences_manager.py,false,,false,false,true,false,false,C_TEST,
tests/test_prompt_editor.py,false,,false,false,true,false,false,C_TEST,
tests/test_prompt_pack_list_manager.py,false,,false,false,true,false,false,C_TEST,
tests/test_prompt_pack_panel.py,false,,false,false,true,false,false,C_TEST,
tests/test_stage_chooser.py,false,,false,false,true,false,false,C_TEST,
tests/test_state.py,false,,false,false,true,false,false,C_TEST,
tests/test_structured_logger.py,false,,false,false,true,false,false,C_TEST,
tests/test_txt2img_stage.py,false,,false,false,true,false,false,C_TEST,
tests/test_video.py,false,,false,false,true,false,false,C_TEST,
tests/utils/test_aesthetic_detection.py,false,,false,false,true,false,false,C_TEST,
tests/utils/test_config_manager_defaults.py,false,,false,false,true,false,false,C_TEST,
tests/utils/test_no_gui_imports_in_utils.py,false,,false,false,true,false,false,C_TEST,
tests/utils/test_prompt_packs.py,false,,false,false,true,false,false,C_TEST,
tests/utils/test_prompt_randomizer.py,false,,false,false,true,false,false,C_TEST,
tests/utils/test_randomizer_import_isolation.py,false,,false,false,true,false,false,C_TEST,
tests/utils/test_randomizer_matrix_base_prompt.py,false,,false,false,true,false,false,C_TEST,
tests/utils/test_randomizer_matrix_prompt_modes.py,false,,false,false,true,false,false,C_TEST,
tests/utils/test_randomizer_parity.py,false,,false,false,true,false,false,C_TEST,
tests/utils/test_randomizer_sanitization.py,false,,false,false,true,false,false,C_TEST,
